Pollyanna,Eleanor H. Porter,https://drive.google.com/file/d/1D4N333E1NFq81MJWm8PDirO6BhmkmhWS/view?usp=sharing,Fiction
The Hobbit,J.R.R.Tolken,https://drive.google.com/file/d/1WBnrEqPUnvilMQg68xtDFmc1BqAFlFDh/view?usp=sharing,Fiction
Treasure Island,Robert Louis Stevenson,https://drive.google.com/file/d/1oxb8sY-IWZPk_XEE2mec_kyg8qF8GiNC/view?usp=sharing,Fiction
Issac-Newton-Principia-English,Sir Issac Newton,https://drive.google.com/file/d/16jNpmQUF8XHSl5oz3lCuF2Iew9b_EBEY/view?usp=sharing,Science and Technology
Think_like_a_computer_scientist,"Peter Wentworth, Jeffrey Elkner,
Allen B. Downey and Chris Meyers",https://drive.google.com/file/d/1fF8Ook_hBnai73docTJGbnFz9uYXRfLY/view?usp=sharing,Science and Technology
IELTS Cambridge 1,Vanessa Jakeman and Clare Mcdowell,https://drive.google.com/drive/folders/1H0_Ym_K2ZUjdK3rcocbaDYP54jEZFzPM?usp=sharing,IELTS
IELTS Cambridge 2,Examination Papers from University of Cambridge ESOL Examinations,https://drive.google.com/drive/folders/1QCxfbXNkLCzTBNpPpfG7iW3m1LhBUTZi?usp=sharing,IELTS
IELTS Cambridge 3,Examination Papers from University of Cambridge ESOL Examinations,https://drive.google.com/drive/folders/1jGYrg-sjN2xpdC_Lkij3K_jMA9nLvJnQ?usp=sharing,IELTS
IELTS Cambridge 4,Examination Papers from University of Cambridge ESOL Examinations,https://drive.google.com/drive/folders/1G3bgD21wQAAbcaVkPRpAqGIUcLjjqxG0?usp=sharing,IELTS
IELTS Cambridge 5,Examination Papers from University of Cambridge ESOL Examinations,https://drive.google.com/drive/folders/1G3bgD21wQAAbcaVkPRpAqGIUcLjjqxG0?usp=sharing,IELTS
IELTS Cambridge 6,Examination Papers from University of Cambridge ESOL Examinations,https://drive.google.com/drive/folders/1DCX1-jSMkCA1V1CcpCpGz1VP-dWyBbIT?usp=sharing,IELTS
IELTS Cambridge 7,University of Cambridge ESOL Examinations,https://drive.google.com/drive/folders/1g7NfhHy6MYNO5DPkZPXE20qsQiimIRTN?usp=sharing,IELTS
IELTS Cambridge 8,Authentic Examination Papers from Cambridge,https://drive.google.com/drive/folders/1g7NfhHy6MYNO5DPkZPXE20qsQiimIRTN?usp=sharing,IELTS
IELTS Cambridge 9,Authentic Examination Papers from Cambridge,https://drive.google.com/drive/folders/1g7NfhHy6MYNO5DPkZPXE20qsQiimIRTN?usp=sharing,IELTS
IELTS Cambridge 10,Authentic Examination Papers from Cambridge,https://drive.google.com/drive/folders/1hFYaCYNF1aGrdxB0hSeifyX6sZT04MIp?usp=sharing,IELTS
IELTS Cambridge 11,Authentic Examination Papers,https://drive.google.com/drive/folders/193r5Zup_PnlThupg4hWvM8s1PEX0CXPT?usp=sharing,IELTS
IELTS Cambridge 12,Authentic Examination Papers,https://drive.google.com/drive/folders/1vp6fReHl5X9C3u7_KJovN3jxEOxdkqwf?usp=sharing,IELTS
IELTS Cambridge 13,Authentic Examination Papers,https://drive.google.com/drive/folders/1FBQDc3xz5ltmUg2vUh3UNU3O3ncbaxj8?usp=sharing,IELTS
IELTS Cambridge 14,Authentic Examination Papers,https://drive.google.com/drive/folders/1zzfgrOl625KBGwatUW6FGnBpl-exIr8U?usp=sharing,IELTS
IELTS Cambridge 15,Authentic Examination Papers,https://drive.google.com/drive/folders/1oyS_HAwZOEGdDTPlHT_m0OqTTwEsgSuZ?usp=sharing,IELTS
IELTS Cambridge 16,Authentic Examination Papers,https://drive.google.com/drive/folders/1_juFd43KvABnvkg6gyoBY4pgNVDm7niK?usp=sharing,IELTS
IELTS Journal,Adam Smith,https://drive.google.com/drive/folders/17BGxSmbs3NupdOFEgl1-xabrWKMXX3fm?usp=sharing,IELTS